baixinz2::Movie,Year,INT,974,26,1954,2018,1994.42
2017,Wed Mar 28 14:13:57 2018
2000,Wed Mar 28 14:13:57 2018
2003,Wed Mar 28 14:13:57 2018
2017,Wed Mar 28 14:13:57 2018
2017,Wed Mar 28 14:13:57 2018
2018,Wed Mar 28 14:13:57 2018
2017,Wed Mar 28 14:13:57 2018
2003,Wed Mar 28 14:13:57 2018
1994,Wed Mar 28 14:13:57 2018
1966,Wed Mar 28 14:13:57 2018
1999,Wed Mar 28 14:13:57 2018
2001,Wed Mar 28 14:13:57 2018
1994,Wed Mar 28 14:13:57 2018
1980,Wed Mar 28 14:13:57 2018
2010,Wed Mar 28 14:13:57 2018
2003,Wed Mar 28 14:13:57 2018
1975,Wed Mar 28 14:13:57 2018
1990,Wed Mar 28 14:13:57 2018
1999,Wed Mar 28 14:13:57 2018
1954,Wed Mar 28 14:13:57 2018
1994,Wed Mar 28 14:13:57 2018
1972,Wed Mar 28 14:13:57 2018
1974,Wed Mar 28 14:13:57 2018
2008,Wed Mar 28 14:13:57 2018
1957,Wed Mar 28 14:13:57 2018
1993,Wed Mar 28 14:13:57 2018